,sr,nsecode,name,bsecode,per_chg,close,volume,ScreenerName,TimeOfDay
46,47,SUPRAJIT,Suprajit Engineering Limited,532509,5.17,345.0,67809,15 minute Stock Breakouts,14/02/2023 09:27:55
55,56,OIL,Oil India Limited,533106,3.4,249.2,1114985,15 minute Stock Breakouts,14/02/2023 09:27:55
44,45,AEGISCHEM,Aegis Logistics Limited,500003,3.35,366.8,73536,15 minute Stock Breakouts,14/02/2023 09:27:55
22,23,CYIENT,Cyient Limited,532175,3.18,919.35,23757,15 minute Stock Breakouts,14/02/2023 09:27:55
47,48,VAIBHAVGBL,Vaibhav Global Limited,532156,2.84,320.65,40909,15 minute Stock Breakouts,14/02/2023 09:27:55
67,68,TTML,Tata Teleservices (maharashtra) Limited,532371,2.72,71.7,514984,15 minute Stock Breakouts,14/02/2023 09:27:55
54,55,FACT,Fertilizers And Chemicals Travancore Limited,590024,2.64,266.75,94350,15 minute Stock Breakouts,14/02/2023 09:27:55
16,17,GRINFRA,G R Infraprojects Ltd,543317,2.63,1232.95,12006,15 minute Stock Breakouts,14/02/2023 09:27:55
26,27,UPL,Upl Limited,512070,2.58,752.75,551085,15 minute Stock Breakouts,14/02/2023 09:27:55
50,51,TRITURBINE,Triveni Turbine Limited,533655,2.34,289.0,50395,15 minute Stock Breakouts,14/02/2023 09:27:55
62,63,RCF,Rashtriya Chemicals And Fertilizers Limited,524230,1.86,109.25,491517,15 minute Stock Breakouts,14/02/2023 09:27:55
65,66,NIACL,New India Assurance Company Ltd,540769,1.78,102.95,293265,15 minute Stock Breakouts,14/02/2023 09:27:55
5,6,LINDEINDIA,Linde India Limited,523457,1.67,3525.55,19824,15 minute Stock Breakouts,14/02/2023 09:27:55
38,39,COCHINSHIP,Cochin Shipyard,540678,1.6,479.9,47169,15 minute Stock Breakouts,14/02/2023 09:27:55
23,24,VOLTAS,Voltas Limited,500575,1.57,861.85,158320,15 minute Stock Breakouts,14/02/2023 09:27:55
49,50,BSOFT,Birlasoft Ltd,532400,1.55,292.0,231749,15 minute Stock Breakouts,14/02/2023 09:27:55
27,28,MAZDOCK,Mazagon Dock Shipbuilders Ltd,543237,1.53,721.75,126221,15 minute Stock Breakouts,14/02/2023 09:27:55
37,38,TCNSBRANDS,TCNS Clothing Co. Ltd,541700,1.48,480.0,1598,15 minute Stock Breakouts,14/02/2023 09:27:55
2,3,PERSISTENT,Persistent Systems Limited,533179,1.48,4791.55,30135,15 minute Stock Breakouts,14/02/2023 09:27:55
12,13,GRINDWELL,Grindwell Norton Limited,506076,1.46,2003.4,2308,15 minute Stock Breakouts,14/02/2023 09:27:55
11,12,MPHASIS,Mphasis Limited,526299,1.44,2159.25,17454,15 minute Stock Breakouts,14/02/2023 09:27:55
4,5,LTTS,L&t Technology Services Limited,540115,1.41,3632.4,8949,15 minute Stock Breakouts,14/02/2023 09:27:55
59,60,INDUSTOWER,Indus Towers Ltd (Bharti Infratel),534816,1.4,166.95,682187,15 minute Stock Breakouts,14/02/2023 09:27:55
14,15,INFY,Infosys Limited,500209,1.36,1588.7,581550,15 minute Stock Breakouts,14/02/2023 09:27:55
57,58,DELTACORP,Delta Corp Limited,532848,1.32,207.45,241900,15 minute Stock Breakouts,14/02/2023 09:27:55
42,43,JKPAPER,Jk Paper Limited,532162,1.3,393.9,33051,15 minute Stock Breakouts,14/02/2023 09:27:55
51,52,CANBK,Canara Bank,532483,1.3,288.4,1015777,15 minute Stock Breakouts,14/02/2023 09:27:55
60,61,MOIL,Moil Limited,533286,1.26,156.9,11344,15 minute Stock Breakouts,14/02/2023 09:27:55
63,64,JAMNAAUTO,Jamna Auto Industries Limited,520051,1.24,105.95,17850,15 minute Stock Breakouts,14/02/2023 09:27:55
6,7,TCS,Tata Consultancy Services Limited,532540,1.07,3519.7,202446,15 minute Stock Breakouts,14/02/2023 09:27:55
35,36,MARICO,Marico Limited,531642,0.98,496.8,72290,15 minute Stock Breakouts,14/02/2023 09:27:55
32,33,JINDALSTEL,Jindal Steel & Power Limited,532286,0.97,590.55,119652,15 minute Stock Breakouts,14/02/2023 09:27:55
17,18,APLAPOLLO,Apl Apollo Tubes Limited,533758,0.92,1212.9,20973,15 minute Stock Breakouts,14/02/2023 09:27:55
33,34,PNBHOUSING,Pnb Housing Finance Limited,540173,0.92,573.75,67230,15 minute Stock Breakouts,14/02/2023 09:27:55
3,4,LTIM,LTI Mindtree Ltd,540005,0.89,4662.1,19981,15 minute Stock Breakouts,14/02/2023 09:27:55
39,40,ELGIEQUIP,Elgi Equipments Limited,522074,0.88,444.9,19965,15 minute Stock Breakouts,14/02/2023 09:27:55
8,9,HAL,Hindustan Aeronautics Ltd,541154,0.86,2468.0,64103,15 minute Stock Breakouts,14/02/2023 09:27:55
18,19,HCLTECH,Hcl Technologies Limited,532281,0.84,1122.4,199590,15 minute Stock Breakouts,14/02/2023 09:27:55
53,54,LXCHEM,Laxmi Organic Industries Ltd,543277,0.81,268.1,21099,15 minute Stock Breakouts,14/02/2023 09:27:55
41,42,WIPRO,Wipro Limited,507685,0.81,403.85,168259,15 minute Stock Breakouts,14/02/2023 09:27:55
56,57,ASTERDM,Aster DM Healthcare Ltd,540975,0.81,211.25,4193,15 minute Stock Breakouts,14/02/2023 09:27:55
48,49,POONAWALLA,Poonawalla Fincorp Ltd,524000,0.78,304.5,83203,15 minute Stock Breakouts,14/02/2023 09:27:55
20,21,TECHM,Tech Mahindra Limited,532755,0.76,1010.1,221049,15 minute Stock Breakouts,14/02/2023 09:27:55
64,65,PRSMJOHNSN,Prism Johnson Ltd,500338,0.72,104.65,8156,15 minute Stock Breakouts,14/02/2023 09:27:55
15,16,M&M,Mahindra & Mahindra Limited,500520,0.72,1362.75,338921,15 minute Stock Breakouts,14/02/2023 09:27:55
61,62,CASTROLIND,Castrol India Limited,500870,0.71,120.85,45561,15 minute Stock Breakouts,14/02/2023 09:27:55
28,29,SONATSOFTW,Sonata Software Limited,532221,0.71,662.3,8884,15 minute Stock Breakouts,14/02/2023 09:27:55
36,37,THYROCARE,Thyrocare Technologies Limited,539871,0.7,491.85,3450,15 minute Stock Breakouts,14/02/2023 09:27:55
24,25,HAPPSTMNDS,Happiest Minds Technologies Ltd,543227,0.7,843.35,11326,15 minute Stock Breakouts,14/02/2023 09:27:55
31,32,AMARAJABAT,Amara Raja Batteries Limited,500008,0.69,605.8,18106,15 minute Stock Breakouts,14/02/2023 09:27:55
66,67,CESC,Cesc Limited,500084,0.67,74.8,121396,15 minute Stock Breakouts,14/02/2023 09:27:55
30,31,IRCTC,Indian Railway Catering & Tourism Corporation Ltd,542830,0.64,644.2,72630,15 minute Stock Breakouts,14/02/2023 09:27:55
58,59,FINPIPE,Finolex Industries Limited,500940,0.61,180.0,21343,15 minute Stock Breakouts,14/02/2023 09:27:55
34,35,DABUR,Dabur India Limited,500096,0.61,537.7,251566,15 minute Stock Breakouts,14/02/2023 09:27:55
19,20,SYMPHONY,Symphony Limited,517385,0.58,1054.0,7589,15 minute Stock Breakouts,14/02/2023 09:27:55
9,10,RELIANCE,Reliance Industries Limited,500325,0.54,2336.0,260632,15 minute Stock Breakouts,14/02/2023 09:27:55
40,41,GLENMARK,Glenmark Pharmaceuticals Limited,532296,0.52,424.8,221583,15 minute Stock Breakouts,14/02/2023 09:27:55
13,14,HDFCBANK,Hdfc Bank Limited,500180,0.51,1666.85,335387,15 minute Stock Breakouts,14/02/2023 09:27:55
1,2,CERA,Cera Sanitaryware Limited,532443,0.5,6136.6,2391,15 minute Stock Breakouts,14/02/2023 09:27:55
7,8,HDFC,Housing Development Finance Corporation Limited,500010,0.49,2713.0,265695,15 minute Stock Breakouts,14/02/2023 09:27:55
29,30,CENTURYTEX,Century Textiles & Industries Limited,500040,0.48,652.65,1569,15 minute Stock Breakouts,14/02/2023 09:27:55
21,22,CDSL,Central Depository Services Ltd,,0.33,993.5,15635,15 minute Stock Breakouts,14/02/2023 09:27:55
10,11,BALAMINES,Balaji Amines Limited,530999,0.29,2191.7,2144,15 minute Stock Breakouts,14/02/2023 09:27:55
52,53,TRIVENI,Triveni Engineering & Industries Limited,532356,0.25,280.7,17240,15 minute Stock Breakouts,14/02/2023 09:27:55
0,1,NESTLEIND,Nestle India Limited,500790,0.17,19058.85,2191,15 minute Stock Breakouts,14/02/2023 09:27:55
43,44,ITC,Itc Limited,500875,0.13,374.7,445615,15 minute Stock Breakouts,14/02/2023 09:27:55
45,46,NIITLTD,Niit Limited,500304,0.11,355.55,23480,15 minute Stock Breakouts,14/02/2023 09:27:55
25,26,RELAXO,Relaxo Footwears Limited,530517,0.06,789.25,4556,15 minute Stock Breakouts,14/02/2023 09:27:55
24,25,MIRZAINT,Mirza International Limited,526642,13.59,256.95,703612,Intraday Buying seen in the past 15 minutes,14/02/2023 09:29:57
32,33,ALMONDZ,Almondz Global Securities Limited,531400,10.96,77.95,151033,Intraday Buying seen in the past 15 minutes,14/02/2023 09:29:57
22,23,MHLXMIRU,Mahalaxmi Rubtech Ltd,514450,6.47,273.15,33802,Intraday Buying seen in the past 15 minutes,14/02/2023 09:29:57
33,34,AVONMORE,Avonmore Capital & Management Services Ltd,511589,5.8,73.0,575,Intraday Buying seen in the past 15 minutes,14/02/2023 09:29:57
4,5,GRINFRA,G R Infraprojects Ltd,543317,3.8,1247.0,16553,Intraday Buying seen in the past 15 minutes,14/02/2023 09:29:57
36,37,MADRASFERT,Madras Fertilizers Limited,590134,3.68,57.7,126859,Intraday Buying seen in the past 15 minutes,14/02/2023 09:29:57
5,6,CYIENT,Cyient Limited,532175,3.56,922.75,43183,Intraday Buying seen in the past 15 minutes,14/02/2023 09:29:57
8,9,KPITTECH,KPIT Technologies Ltd,542651,2.65,842.0,334327,Intraday Buying seen in the past 15 minutes,14/02/2023 09:29:57
25,26,63MOONS,63 Moons Technologies,526881,2.6,212.9,79545,Intraday Buying seen in the past 15 minutes,14/02/2023 09:29:57
18,19,ATULAUTO,Atul Auto Limited,531795,2.25,363.6,41843,Intraday Buying seen in the past 15 minutes,14/02/2023 09:29:57
9,10,MAZDOCK,Mazagon Dock Shipbuilders Ltd,543237,2.15,726.1,173696,Intraday Buying seen in the past 15 minutes,14/02/2023 09:29:57
34,35,GILLANDERS,Gillanders Arbuthnot & Company Limited,532716,2.0,68.8,18240,Intraday Buying seen in the past 15 minutes,14/02/2023 09:29:57
13,14,KPIGREEN,KPI Green Energy Ltd,542323,1.96,465.7,16651,Intraday Buying seen in the past 15 minutes,14/02/2023 09:29:57
21,22,TRITURBINE,Triveni Turbine Limited,533655,1.93,287.85,81192,Intraday Buying seen in the past 15 minutes,14/02/2023 09:29:57
7,8,VOLTAS,Voltas Limited,500575,1.81,863.95,219005,Intraday Buying seen in the past 15 minutes,14/02/2023 09:29:57
17,18,GPIL,Godawari Power And Ispat Limited,532734,1.71,368.05,19536,Intraday Buying seen in the past 15 minutes,14/02/2023 09:29:57
28,29,SMARTLINK,Smartlink Network Systems Limited,532419,1.65,141.95,1593,Intraday Buying seen in the past 15 minutes,14/02/2023 09:29:57
0,1,PERSISTENT,Persistent Systems Limited,533179,1.63,4799.0,39569,Intraday Buying seen in the past 15 minutes,14/02/2023 09:29:57
3,4,THEMISMED,Themis Medicare Limited,530199,1.36,1365.0,1158,Intraday Buying seen in the past 15 minutes,14/02/2023 09:29:57
19,20,AGI,AGI Greenpac Ltd,500187,1.32,333.3,10478,Intraday Buying seen in the past 15 minutes,14/02/2023 09:29:57
6,7,RPGLIFE,Rpg Life Sciences Limited,532983,1.29,884.0,4781,Intraday Buying seen in the past 15 minutes,14/02/2023 09:29:57
16,17,DPWIRES,D P Wires Ltd,535012,1.23,378.5,508,Intraday Buying seen in the past 15 minutes,14/02/2023 09:29:57
12,13,MARICO,Marico Limited,531642,1.16,497.7,114791,Intraday Buying seen in the past 15 minutes,14/02/2023 09:29:57
30,31,SDBL,Som Distilleries & Breweries Limited,507514,1.1,124.6,19217,Intraday Buying seen in the past 15 minutes,14/02/2023 09:29:57
23,24,JSL,Jindal Stainless Limited,532508,1.05,259.95,16321,Intraday Buying seen in the past 15 minutes,14/02/2023 09:29:57
14,15,MANORG,Mangalam Organics Ltd,514418,1.03,434.9,227,Intraday Buying seen in the past 15 minutes,14/02/2023 09:29:57
37,38,ITBEES,Nippon India ETF Nifty IT,,1.01,31.93,157644,Intraday Buying seen in the past 15 minutes,14/02/2023 09:29:57
20,21,VEDL,Vedanta Limited,500295,0.96,311.7,540623,Intraday Buying seen in the past 15 minutes,14/02/2023 09:29:57
1,2,DATAPATTNS,Data Patterns (India) Ltd,543428,0.89,1415.0,8639,Intraday Buying seen in the past 15 minutes,14/02/2023 09:29:57
15,16,WIPRO,Wipro Limited,507685,0.81,403.85,180167,Intraday Buying seen in the past 15 minutes,14/02/2023 09:29:57
2,3,ZYDUSWELL,Zydus Wellness Limited,531335,0.73,1412.3,328,Intraday Buying seen in the past 15 minutes,14/02/2023 09:29:57
11,12,DABUR,Dabur India Limited,500096,0.68,538.1,297281,Intraday Buying seen in the past 15 minutes,14/02/2023 09:29:57
27,28,BLS,Bls International Services Limited,540073,0.64,173.95,109413,Intraday Buying seen in the past 15 minutes,14/02/2023 09:29:57
31,32,HINDCOPPER,Hindustan Copper Limited,513599,0.52,106.45,140345,Intraday Buying seen in the past 15 minutes,14/02/2023 09:29:57
35,36,PARADEEP,Paradeep Phosphates Ltd,543530,0.52,57.9,157919,Intraday Buying seen in the past 15 minutes,14/02/2023 09:29:57
10,11,IRCTC,Indian Railway Catering & Tourism Corporation Ltd,542830,0.43,642.85,82750,Intraday Buying seen in the past 15 minutes,14/02/2023 09:29:57
26,27,SETFNIF50,SBI ETF Nifty 50,590138,0.27,184.48,10538,Intraday Buying seen in the past 15 minutes,14/02/2023 09:29:57
29,30,JAICORPLTD,Jai Corp Limited,512237,0.23,128.8,45786,Intraday Buying seen in the past 15 minutes,14/02/2023 09:29:57
0,1,RAJRILTD,Raj Rayon Industries Ltd,530699,1.94,65.75,4106,Short term breakouts,14/02/2023 09:32:07
0,1,OIL,Oil India Limited,533106,3.82,250.2,2640184,Intraday 9:30 am Buy FnO stock scanner,14/02/2023 09:53:18
0,1,63MOONS,63 Moons Technologies,526881,4.29,216.4,332354,Potential breakouts,14/02/2023 09:54:56
18,19,MUKTAARTS,Mukta Arts Limited,532357,2.03,55.4,52,SuperTrend positive breakout - 10 mins,14/02/2023 09:56:39
16,17,CONSOFINVT,Consolidated Finvest & Holdings Limited,500226,1.9,128.7,74,SuperTrend positive breakout - 10 mins,14/02/2023 09:56:39
17,18,NITIRAJ,Nitiraj Engineers Ltd,538407,1.82,72.85,256,SuperTrend positive breakout - 10 mins,14/02/2023 09:56:39
11,12,BCONCEPTS,Brand Concepts Ltd,535042,1.56,225.0,14100,SuperTrend positive breakout - 10 mins,14/02/2023 09:56:39
9,10,INSECTICID,Insecticides (india) Limited,532851,1.5,590.45,2025,SuperTrend positive breakout - 10 mins,14/02/2023 09:56:39
22,23,RAJMET,Rajnandini Metal Ltd,535113,1.5,13.5,23478,SuperTrend positive breakout - 10 mins,14/02/2023 09:56:39
19,20,SOMICONVEY,Somi Conveyor Beltings Limited,533001,1.34,37.9,244,SuperTrend positive breakout - 10 mins,14/02/2023 09:56:39
2,3,BANARISUG,Bannari Amman Sugars Limited,500041,1.27,2823.2,307,SuperTrend positive breakout - 10 mins,14/02/2023 09:56:39
13,14,EIFFL,Euro India Fresh Foods Ltd,538412,1.24,155.0,6,SuperTrend positive breakout - 10 mins,14/02/2023 09:56:39
10,11,IMFA,Indian Metals & Ferro Alloys Limited,533047,1.13,312.65,22914,SuperTrend positive breakout - 10 mins,14/02/2023 09:56:39
14,15,STEL,Stel Holdings Limited,,0.97,135.05,32,SuperTrend positive breakout - 10 mins,14/02/2023 09:56:39
7,8,NOVARTIND,Novartis India Ltd,500672,0.76,616.95,1116,SuperTrend positive breakout - 10 mins,14/02/2023 09:56:39
5,6,KOVAI,Kovai Medical Center & Hospital Ltd,523323,0.68,1762.4,270,SuperTrend positive breakout - 10 mins,14/02/2023 09:56:39
1,2,ALKEM,Alkem Laboratories Limited,539523,0.65,3287.35,13925,SuperTrend positive breakout - 10 mins,14/02/2023 09:56:39
12,13,LICNETFN50,LIC Nomura MF ETF - NIFTY 50 - Growth Plan,539480,0.63,192.46,21,SuperTrend positive breakout - 10 mins,14/02/2023 09:56:39
6,7,TORNTPHARM,Torrent Pharmaceuticals Limited,500420,0.6,1524.0,12637,SuperTrend positive breakout - 10 mins,14/02/2023 09:56:39
8,9,SMSLIFE,SMS Lifesciences India Ltd,540679,0.57,593.95,154,SuperTrend positive breakout - 10 mins,14/02/2023 09:56:39
21,22,MOHEALTH,MOHEALTH,,0.54,22.4,3,SuperTrend positive breakout - 10 mins,14/02/2023 09:56:39
20,21,MAESGETF,Mirae Asset ESG Sector Leaders ETF,543246,0.52,29.19,105,SuperTrend positive breakout - 10 mins,14/02/2023 09:56:39
15,16,AVROIND,Avro India Ltd,535098,0.41,134.45,3109,SuperTrend positive breakout - 10 mins,14/02/2023 09:56:39
0,1,SANOFI,Sanofi India Limited,500674,0.35,5380.5,492,SuperTrend positive breakout - 10 mins,14/02/2023 09:56:39
4,5,UTINIFTETF,UTI Nifty ETF,539313,0.34,1903.0,28,SuperTrend positive breakout - 10 mins,14/02/2023 09:56:39
3,4,DIVISLAB,Divi's Laboratories Limited,532488,0.28,2781.0,55604,SuperTrend positive breakout - 10 mins,14/02/2023 09:56:39
58,59,MIRZAINT,Mirza International Limited,526642,12.29,254.0,1499998,MACD Bearish or Bullish crossover,14/02/2023 09:57:31
129,130,FCSSOFT,Fcs Software Solutions Limited,532666,10.2,2.7,6277113,MACD Bearish or Bullish crossover,14/02/2023 09:57:31
134,135,VISESHINFO,Visesh Infotecnics Limited,532411,10.0,0.55,5437948,MACD Bearish or Bullish crossover,14/02/2023 09:57:31
119,120,TREEHOUSE,Tree House Education & Accessories Limited,533540,9.83,16.2,42310,MACD Bearish or Bullish crossover,14/02/2023 09:57:31
15,16,NEULANDLAB,Neuland Laboratories Limited,524558,8.68,1525.0,57473,MACD Bearish or Bullish crossover,14/02/2023 09:57:31
37,38,JPOLYINVST,Jindal Poly Investment And Finance Company Limited,536773,4.99,447.8,1794,MACD Bearish or Bullish crossover,14/02/2023 09:57:31
126,127,ZENITHSTL,Zenith Steel Pipes & Industries Ltd,531845,4.9,5.35,652268,MACD Bearish or Bullish crossover,14/02/2023 09:57:31
59,60,OIL,Oil India Limited,533106,4.0,250.65,2703761,MACD Bearish or Bullish crossover,14/02/2023 09:57:31
52,53,JINDALPHOT,Jindal Photo Limited,532624,3.77,306.95,3612,MACD Bearish or Bullish crossover,14/02/2023 09:57:31
114,115,FSC,Future Supply Chain Solutions Ltd,540798,3.09,21.7,917,MACD Bearish or Bullish crossover,14/02/2023 09:57:31
51,52,SILINV,Sil Investments Limited,521194,2.94,327.3,17,MACD Bearish or Bullish crossover,14/02/2023 09:57:31
28,29,MMFL,Mm Forgings Limited,522241,2.69,864.95,6092,MACD Bearish or Bullish crossover,14/02/2023 09:57:31
117,118,NIBL,Nrb Industrial Bearings Limited,535458,2.47,18.7,110,MACD Bearish or Bullish crossover,14/02/2023 09:57:31
19,20,GRINFRA,G R Infraprojects Ltd,543317,2.38,1229.95,38754,MACD Bearish or Bullish crossover,14/02/2023 09:57:31
101,102,MUKTAARTS,Mukta Arts Limited,532357,2.03,55.4,52,MACD Bearish or Bullish crossover,14/02/2023 09:57:31
115,116,DIGISPICE,DigiSpice Technologies Ltd,517214,1.91,21.35,5270,MACD Bearish or Bullish crossover,14/02/2023 09:57:31
10,11,GRINDWELL,Grindwell Norton Limited,506076,1.69,2008.0,7186,MACD Bearish or Bullish crossover,14/02/2023 09:57:31
3,4,PERSISTENT,Persistent Systems Limited,533179,1.63,4799.0,125361,MACD Bearish or Bullish crossover,14/02/2023 09:57:31
26,27,PRIVISCL,Fairchem Speciality,530117,1.38,961.9,3625,MACD Bearish or Bullish crossover,14/02/2023 09:57:31
35,36,GKWLIMITED,Gkw Limited,,1.33,528.95,125,MACD Bearish or Bullish crossover,14/02/2023 09:57:31
128,129,GANGAFORGE,Ganga Forging Ltd,535094,1.22,4.15,3916,MACD Bearish or Bullish crossover,14/02/2023 09:57:31
21,22,ANUP,The Anup Engineering Ltd,542460,0.99,1130.45,2327,MACD Bearish or Bullish crossover,14/02/2023 09:57:31
12,13,POWERMECH,Power Mech Projects Limited,539302,0.97,1842.0,22549,MACD Bearish or Bullish crossover,14/02/2023 09:57:31
118,119,CALSOFT,California Software Company Limited,532386,0.84,18.05,677,MACD Bearish or Bullish crossover,14/02/2023 09:57:31
106,107,AGROPHOS,Agro Phos India Ltd,538387,0.78,38.85,15194,MACD Bearish or Bullish crossover,14/02/2023 09:57:31
20,21,HAVELLS,Havells India Limited,517354,0.67,1191.5,100447,MACD Bearish or Bullish crossover,14/02/2023 09:57:31
6,7,DIXON,Dixon Technologies,540699,0.59,2681.15,74903,MACD Bearish or Bullish crossover,14/02/2023 09:57:31
1,2,NIFTY50VALUE20,NIFTY50VALUE20,,0.58,9492.5,0,MACD Bearish or Bullish crossover,14/02/2023 09:57:31
24,25,AFFLE,Affle India Ltd,542752,0.56,1036.3,17379,MACD Bearish or Bullish crossover,14/02/2023 09:57:31
103,104,TIMESGTY,Times Guaranty Limited,511559,0.52,48.0,809,MACD Bearish or Bullish crossover,14/02/2023 09:57:31
11,12,LALPATHLAB,Dr. Lal Path Labs Ltd.,539524,0.48,1962.55,27722,MACD Bearish or Bullish crossover,14/02/2023 09:57:31
94,95,MARKSANS,Marksans Pharma Limited,524404,0.45,66.4,559342,MACD Bearish or Bullish crossover,14/02/2023 09:57:31
45,46,SULA,Sula Vineyards Ltd,543711,0.41,389.6,123798,MACD Bearish or Bullish crossover,14/02/2023 09:57:31
98,99,STEELCITY,Steel City Securities Ltd,538404,0.34,59.45,178,MACD Bearish or Bullish crossover,14/02/2023 09:57:31
31,32,INDIAGLYCO,India Glycols Limited,500201,0.34,647.2,7333,MACD Bearish or Bullish crossover,14/02/2023 09:57:31
47,48,SIS,Security & Intelligence Services India,540673,0.26,363.05,2361,MACD Bearish or Bullish crossover,14/02/2023 09:57:31
49,50,DALMIASUG,Dalmia Bharat Sugar And Industries Limited,500097,0.23,344.6,16074,MACD Bearish or Bullish crossover,14/02/2023 09:57:31
74,75,ICICIAUTO,ICICI Prudential Nifty Auto ETF,543450,0.19,133.05,532,MACD Bearish or Bullish crossover,14/02/2023 09:57:31
102,103,JAIBALAJI,Jai Balaji Industries Limited,532976,0.19,53.95,37662,MACD Bearish or Bullish crossover,14/02/2023 09:57:31
75,76,AUTOBEES,Nippon India Nifty Auto ETF,,0.17,132.9,781,MACD Bearish or Bullish crossover,14/02/2023 09:57:31
86,87,NV20BEES,Nippon India ETF NV20,,0.12,106.13,170,MACD Bearish or Bullish crossover,14/02/2023 09:57:31
8,9,LT,Larsen & Toubro Limited,500510,0.08,2205.05,211443,MACD Bearish or Bullish crossover,14/02/2023 09:57:31
23,24,EBBETF0431,Bharat Bond ETF - April 2031,543216,0.0,1105.0,2510,MACD Bearish or Bullish crossover,14/02/2023 09:57:31
130,131,UNITECH,Unitech Limited,507878,0.0,1.6,191948,MACD Bearish or Bullish crossover,14/02/2023 09:57:31
131,132,JPINFRATEC,Jaypee Infratech Limited,533207,0.0,1.5,70074,MACD Bearish or Bullish crossover,14/02/2023 09:57:31
132,133,GTLINFRA,Gtl Infrastructure Limited,532775,0.0,0.95,9805382,MACD Bearish or Bullish crossover,14/02/2023 09:57:31
133,134,BALLARPUR,Ballarpur Industries Limited,500102,0.0,0.9,684203,MACD Bearish or Bullish crossover,14/02/2023 09:57:31
88,89,DEVIT,Dev Information Technology Ltd,538417,0.0,102.1,3028,MACD Bearish or Bullish crossover,14/02/2023 09:57:31
40,41,ANDHRAPAP,Andhra Paper Ltd,502330,-0.05,429.5,19974,MACD Bearish or Bullish crossover,14/02/2023 09:57:31
82,83,STARCEMENT,Star Cement Ltd,540575,-0.05,110.2,29615,MACD Bearish or Bullish crossover,14/02/2023 09:57:31
91,92,HDFCGROWTH,HDFCGROWTH,,-0.11,87.91,260,MACD Bearish or Bullish crossover,14/02/2023 09:57:31
0,1,NIFTYAUTO,NIFTYAUTO,,-0.12,13137.9,0,MACD Bearish or Bullish crossover,14/02/2023 09:57:31
9,10,BALAMINES,Balaji Amines Limited,530999,-0.14,2182.45,5882,MACD Bearish or Bullish crossover,14/02/2023 09:57:31
38,39,SUNTV,Sun Tv Network Limited,532733,-0.15,447.6,86882,MACD Bearish or Bullish crossover,14/02/2023 09:57:31
65,66,DSPNEWETF,DSP Nifty 50 Equal Weight ETF,543388,-0.16,203.99,69,MACD Bearish or Bullish crossover,14/02/2023 09:57:31
61,62,APEX,Apex Frozen Foods,540692,-0.2,225.0,3500,MACD Bearish or Bullish crossover,14/02/2023 09:57:31
14,15,KEI,Kei Industries Limited,517569,-0.21,1626.35,7474,MACD Bearish or Bullish crossover,14/02/2023 09:57:31
2,3,BLUEDART,Blue Dart Express Limited,526612,-0.23,6115.8,1761,MACD Bearish or Bullish crossover,14/02/2023 09:57:31
5,6,NAUKRI,Info Edge (india) Limited,532777,-0.24,3455.7,295200,MACD Bearish or Bullish crossover,14/02/2023 09:57:31
116,117,VISHAL,Vishal Fabrics Ltd,538598,-0.25,19.7,5406,MACD Bearish or Bullish crossover,14/02/2023 09:57:31
32,33,JUSTDIAL,Just Dial Limited,535648,-0.26,640.65,25984,MACD Bearish or Bullish crossover,14/02/2023 09:57:31
100,101,CLEDUCATE,CL Educate,540403,-0.27,55.75,6530,MACD Bearish or Bullish crossover,14/02/2023 09:57:31
69,70,KITEX,Kitex Garments Limited,521248,-0.28,175.6,7367,MACD Bearish or Bullish crossover,14/02/2023 09:57:31
107,108,CPSEETF,CPSE ETF*,538057,-0.29,38.06,62440,MACD Bearish or Bullish crossover,14/02/2023 09:57:31
120,121,SEPC,SEPC Ltd,532945,-0.35,14.3,260339,MACD Bearish or Bullish crossover,14/02/2023 09:57:31
57,58,ROHLTD,Royal Orchid Hotels Limited,532699,-0.37,254.95,30925,MACD Bearish or Bullish crossover,14/02/2023 09:57:31
33,34,CONCOR,Container Corporation Of India Limited,531344,-0.37,613.5,155272,MACD Bearish or Bullish crossover,14/02/2023 09:57:31
77,78,RESPONIND,Responsive Industries Limited,505509,-0.4,124.6,1364,MACD Bearish or Bullish crossover,14/02/2023 09:57:31
89,90,UGARSUGAR,The Ugar Sugar Works Limited,530363,-0.41,96.95,125618,MACD Bearish or Bullish crossover,14/02/2023 09:57:31
4,5,SKFINDIA,Skf India Limited,500472,-0.43,4356.1,1193,MACD Bearish or Bullish crossover,14/02/2023 09:57:31
72,73,ONGC,Oil & Natural Gas Corporation Limited,500312,-0.44,147.5,1217480,MACD Bearish or Bullish crossover,14/02/2023 09:57:31
66,67,RALLIS,Rallis India Limited,500355,-0.44,203.85,32384,MACD Bearish or Bullish crossover,14/02/2023 09:57:31
16,17,ECLERX,Eclerx Services Limited,532927,-0.44,1472.9,1863,MACD Bearish or Bullish crossover,14/02/2023 09:57:31
70,71,DSPQ50ETF,DSP Nifty Midcap 150 Quality 50 ETF,543438,-0.45,158.1,1280,MACD Bearish or Bullish crossover,14/02/2023 09:57:31
34,35,NESCO,Nesco Limited,505355,-0.47,570.8,9537,MACD Bearish or Bullish crossover,14/02/2023 09:57:31
53,54,GREENLAM,Greenlam Industries Limited,538979,-0.54,306.55,823,MACD Bearish or Bullish crossover,14/02/2023 09:57:31
63,64,PETRONET,Petronet Lng Limited,532522,-0.59,219.15,1202009,MACD Bearish or Bullish crossover,14/02/2023 09:57:31
67,68,TATAPOWER,Tata Power Company Limited,500400,-0.59,202.4,1465818,MACD Bearish or Bullish crossover,14/02/2023 09:57:31
92,93,KOTAKMID50,Kotak Midcap 50 ETF,535430,-0.63,86.45,17,MACD Bearish or Bullish crossover,14/02/2023 09:57:31
71,72,SHREYANIND,Shreyans Industries Limited,516016,-0.67,155.1,5378,MACD Bearish or Bullish crossover,14/02/2023 09:57:31
36,37,CREATIVE,Creative Peripherals & Distribution Ltd,538414,-0.69,482.1,648,MACD Bearish or Bullish crossover,14/02/2023 09:57:31
121,122,PRAENG,Prajay Engineers Syndicate Limited,531746,-0.73,13.55,45733,MACD Bearish or Bullish crossover,14/02/2023 09:57:31
27,28,AETHER,Aether Industries Ltd,543534,-0.74,872.45,1306,MACD Bearish or Bullish crossover,14/02/2023 09:57:31
29,30,RELAXO,Relaxo Footwears Limited,530517,-0.74,782.9,11756,MACD Bearish or Bullish crossover,14/02/2023 09:57:31
79,80,RUCHIRA,Ruchira Papers Limited,532785,-0.81,117.0,5198,MACD Bearish or Bullish crossover,14/02/2023 09:57:31
125,126,GTL,Gtl Limited,500160,-0.81,6.1,134974,MACD Bearish or Bullish crossover,14/02/2023 09:57:31
108,109,GSCLCEMENT,Gujarat Sidhee Cement Limited,518029,-0.85,35.0,2448,MACD Bearish or Bullish crossover,14/02/2023 09:57:31
48,49,HPAL,HP Adhesives Ltd,543433,-0.85,344.65,14201,MACD Bearish or Bullish crossover,14/02/2023 09:57:31
80,81,TI,Tilaknagar Industries Limited,507205,-0.86,114.75,49455,MACD Bearish or Bullish crossover,14/02/2023 09:57:31
95,96,PANSARI,Pansari Developers Ltd,538381,-0.9,65.95,66,MACD Bearish or Bullish crossover,14/02/2023 09:57:31
25,26,CARBORUNIV,Carborundum Universal Limited,513375,-0.91,979.8,16039,MACD Bearish or Bullish crossover,14/02/2023 09:57:31
78,79,PANACEABIO,Panacea Biotec Limited,531349,-0.97,123.05,3261,MACD Bearish or Bullish crossover,14/02/2023 09:57:31
68,69,APCL,Anjani Portland Cement Ltd.-$,518091,-0.99,180.1,397,MACD Bearish or Bullish crossover,14/02/2023 09:57:31
111,112,AKG,AKG Exim Ltd,535110,-1.03,28.8,8290,MACD Bearish or Bullish crossover,14/02/2023 09:57:31
76,77,GEPIL,Ge Power India Limited,532309,-1.07,125.35,4838,MACD Bearish or Bullish crossover,14/02/2023 09:57:31
39,40,TATAMOTORS,Tata Motors Limited,500570,-1.08,436.3,1850468,MACD Bearish or Bullish crossover,14/02/2023 09:57:31
104,105,INOXGREEN,Inox Green Energy Services Ltd,543667,-1.19,45.6,39298,MACD Bearish or Bullish crossover,14/02/2023 09:57:31
46,47,KIRLFER,Kirloskar Ferrous Industries Ltd,500245,-1.19,380.95,16056,MACD Bearish or Bullish crossover,14/02/2023 09:57:31
55,56,UJJIVAN,Ujjivan Financial Services Limited,539874,-1.2,263.7,49079,MACD Bearish or Bullish crossover,14/02/2023 09:57:31
83,84,DCBBANK,Dcb Bank Limited,532772,-1.21,110.0,233458,MACD Bearish or Bullish crossover,14/02/2023 09:57:31
18,19,KIMS,Krishna Institute of Medical Sciences Ltd,543307,-1.22,1439.5,2858,MACD Bearish or Bullish crossover,14/02/2023 09:57:31
123,124,SUPERSPIN,Super Spinning Mills Limited,521180,-1.23,8.0,2383,MACD Bearish or Bullish crossover,14/02/2023 09:57:31
54,55,AWHCL,Antony Waste Handling Cell Ltd,543254,-1.23,277.3,7071,MACD Bearish or Bullish crossover,14/02/2023 09:57:31
105,106,OMINFRAL,Om Infra Ltd,531092,-1.29,42.25,2834,MACD Bearish or Bullish crossover,14/02/2023 09:57:31
85,86,BEPL,Bhansali Engineering Polymers Limited,500052,-1.29,107.25,29908,MACD Bearish or Bullish crossover,14/02/2023 09:57:31
13,14,VENKEYS,Venky's (india) Limited,523261,-1.32,1755.05,4685,MACD Bearish or Bullish crossover,14/02/2023 09:57:31
50,51,DREDGECORP,Dredging Corporation Of India Limited,523618,-1.32,337.7,10204,MACD Bearish or Bullish crossover,14/02/2023 09:57:31
73,74,WELENT,Welspun Enterprises Limited,532553,-1.33,133.9,74226,MACD Bearish or Bullish crossover,14/02/2023 09:57:31
113,114,SHIVAMAUTO,Shivam Autotech Limited,532776,-1.38,25.0,4250,MACD Bearish or Bullish crossover,14/02/2023 09:57:31
93,94,TBZ,Tribhovandas Bhimji Zaveri Limited,534369,-1.41,73.2,3186,MACD Bearish or Bullish crossover,14/02/2023 09:57:31
122,123,INDIAVIX,India VIX,531641,-1.54,13.47,0,MACD Bearish or Bullish crossover,14/02/2023 09:57:31
41,42,GODREJIND,Godrej Industries Limited,500164,-1.56,421.85,133067,MACD Bearish or Bullish crossover,14/02/2023 09:57:31
81,82,PCBL,PCBL Ltd,506590,-1.59,114.15,152588,MACD Bearish or Bullish crossover,14/02/2023 09:57:31
30,31,COSMOFIRST,Cosmo Films Ltd,508814,-1.64,703.85,5999,MACD Bearish or Bullish crossover,14/02/2023 09:57:31
7,8,AUTOAXLES,Automotive Axles Limited,505010,-1.65,2399.35,6100,MACD Bearish or Bullish crossover,14/02/2023 09:57:31
90,91,AVTNPL,Avt Natural Products Limited,519105,-1.74,93.1,21453,MACD Bearish or Bullish crossover,14/02/2023 09:57:31
60,61,BANDHANBNK,Bandhan Bank Ltd,541153,-1.77,232.85,1036994,MACD Bearish or Bullish crossover,14/02/2023 09:57:31
22,23,RADICO,Radico Khaitan Limited,532497,-1.82,1121.0,16889,MACD Bearish or Bullish crossover,14/02/2023 09:57:31
42,43,IGARASHI,Igarashi Motors India Limited,517380,-2.0,403.3,5816,MACD Bearish or Bullish crossover,14/02/2023 09:57:31
44,45,CNXREALTY,CNXREALTY,,-2.0,399.7,0,MACD Bearish or Bullish crossover,14/02/2023 09:57:31
97,98,XCHANGING,Xchanging Solutions Limited,532616,-2.12,60.0,30485,MACD Bearish or Bullish crossover,14/02/2023 09:57:31
99,100,INTLCONV,International Conveyors Ltd,509709,-2.16,56.65,16486,MACD Bearish or Bullish crossover,14/02/2023 09:57:31
43,44,FUSION,Fusion Micro Finance Ltd,543652,-2.22,400.85,46917,MACD Bearish or Bullish crossover,14/02/2023 09:57:31
112,113,MEGASOFT,Megasoft Limited,532408,-2.25,28.25,17643,MACD Bearish or Bullish crossover,14/02/2023 09:57:31
96,97,GATEWAY,Gateway Distriparks Ltd,543489,-2.3,61.55,92692,MACD Bearish or Bullish crossover,14/02/2023 09:57:31
84,85,AHLEAST,Asian Hotels (east) Limited,533227,-2.42,109.0,330,MACD Bearish or Bullish crossover,14/02/2023 09:57:31
56,57,CUPID,Cupid Limited,530843,-2.48,263.5,11388,MACD Bearish or Bullish crossover,14/02/2023 09:57:31
109,110,SPICEJET,SpiceJet Ltd,500285,-2.71,34.1,832560,MACD Bearish or Bullish crossover,14/02/2023 09:57:31
62,63,TVTODAY,Tv Today Network Limited,532515,-3.64,222.45,270716,MACD Bearish or Bullish crossover,14/02/2023 09:57:31
87,88,UNITEDPOLY,United Polyfab Gujarat Ltd,533024,-3.98,105.0,16494,MACD Bearish or Bullish crossover,14/02/2023 09:57:31
110,111,FLEXITUFF,Flexituff International Limited,533638,-4.38,30.55,2590,MACD Bearish or Bullish crossover,14/02/2023 09:57:31
17,18,POLYPLEX,Polyplex Corporation Limited,524051,-4.46,1440.85,96475,MACD Bearish or Bullish crossover,14/02/2023 09:57:31
127,128,NEXTMEDIA,Next Mediaworks Limited,532416,-4.5,5.3,782,MACD Bearish or Bullish crossover,14/02/2023 09:57:31
124,125,JPPOWER,Jaiprakash Power Ventures Limited,532627,-9.93,6.35,20961698,MACD Bearish or Bullish crossover,14/02/2023 09:57:31
64,65,LIBERTSHOE,Liberty Shoes Limited,526596,-9.99,217.55,80125,MACD Bearish or Bullish crossover,14/02/2023 09:57:31
135,136,EXCEL,Excel Realty N Infra Limited,533090,-11.11,0.4,16666389,MACD Bearish or Bullish crossover,14/02/2023 09:57:31
12,13,GANESHBE,Ganesh Benzoplast Ltd,500153,9.07,161.2,5186591,Strong stocks,14/02/2023 09:59:08
13,14,GEEKAYWIRE,Geekay Wires Ltd,535003,8.94,135.25,596168,Strong stocks,14/02/2023 09:59:08
11,12,MANOMAY,Manomay Tex India Ltd,540396,4.99,168.2,2894,Strong stocks,14/02/2023 09:59:08
20,21,SOMATEX,Soma Textiles & Industries Limited,521034,4.76,14.3,2695,Strong stocks,14/02/2023 09:59:08
18,19,MOTOGENFIN,The Motor & General Finance Limited,501343,4.03,42.6,418889,Strong stocks,14/02/2023 09:59:08
21,22,AAKASH,Aakash Exploration Services Ltd,535076,3.6,7.2,311577,Strong stocks,14/02/2023 09:59:08
8,9,DPABHUSHAN,D. P. Abhushan Ltd,535026,3.14,336.55,10046,Strong stocks,14/02/2023 09:59:08
15,16,HILTON,Hilton Metal Forging Limited,532847,2.48,109.65,406206,Strong stocks,14/02/2023 09:59:08
16,17,AKSHAR,Akshar Spintex Ltd,541303,1.99,74.3,15071,Strong stocks,14/02/2023 09:59:08
14,15,CAREERP,Career Point Limited,533260,1.94,133.75,20909,Strong stocks,14/02/2023 09:59:08
17,18,RAJRILTD,Raj Rayon Industries Ltd,530699,1.94,65.75,5278,Strong stocks,14/02/2023 09:59:08
3,4,RPGLIFE,Rpg Life Sciences Limited,532983,1.73,887.85,37951,Strong stocks,14/02/2023 09:59:08
1,2,INGERRAND,Ingersoll Rand (india) Limited,500210,1.66,2195.3,25210,Strong stocks,14/02/2023 09:59:08
7,8,JAGSNPHARM,Jagsonpal Pharmaceuticals Limited,507789,1.19,339.1,8065,Strong stocks,14/02/2023 09:59:08
19,20,AIRAN,Airan Ltd,538410,0.93,16.3,18944,Strong stocks,14/02/2023 09:59:08
0,1,NESTLEIND,Nestle India Limited,500790,0.88,19194.0,7489,Strong stocks,14/02/2023 09:59:08
9,10,SELAN,Selan Exploration Technology Limited,530075,0.55,294.4,51205,Strong stocks,14/02/2023 09:59:08
10,11,FCL,Fineotex Chemical Limited,533333,0.55,256.4,161545,Strong stocks,14/02/2023 09:59:08
6,7,SBCL,Shivalik Bimetal Controls Ltd,513097,0.51,430.8,24321,Strong stocks,14/02/2023 09:59:08
4,5,HGINFRA,H.G. Infra Engineering Ltd,541019,0.23,758.6,120894,Strong stocks,14/02/2023 09:59:08
2,3,BHARATFORG,Bharat Forge Limited,500493,0.2,891.85,366647,Strong stocks,14/02/2023 09:59:08
5,6,GULFOILLUB,Gulf Oil Lubricants India Limited,538567,0.01,436.9,5893,Strong stocks,14/02/2023 09:59:08
